{
  "cycles": 34,
  "trades_executed": 6,
  "final_portfolio": 100.03591755696247,
  "total_return": 0.035917556962473896,
  "return_percent": 0.035917556962473896,
  "success_rate": 0.0,
  "positions_count": 6,
  "profitable_trades": 0,
  "losing_trades": 0,
  "avg_profit": 0,
  "avg_loss": 0,
  "session_duration_seconds": 180.56042385101318,
  "completion_timestamp": "2025-08-19T02:41:27.602168"
}